Date,Product,Revenue,Quantity,Category
2024-08-06,VR Headset 23,52999,13,Gadgets
2024-01-21,Lego Creator 29,117115,159,Toys
2024-02-05,Lego Creator 10,107943,24,Toys
2024-12-12,Office Desk 31,57938,86,Furniture
2024-05-19,Microwave Oven 25,160414,24,Home Appliances
2024-02-13,Kitchen Mixer 30,175336,10,Home Appliances
2024-04-18,Kitchen Mixer 45,109512,52,Home Appliances
2024-06-11,Office Desk 36,78674,33,Furniture
2024-01-01,Dollhouse 45,118948,122,Toys
2024-09-30,Leather Handbag 8,146836,196,Clothing
2024-07-29,Modern Sofa 30,88738,153,Furniture
2024-02-20,Designer Jacket 7,190411,93,Clothing
2024-06-23,Luxury Handbag 23,112746,183,Luxury
2024-09-22,Automatic Coffee Machine 20,139871,39,Home Appliances
2024-10-20,Dumbbell Set 38,115567,99,Sports
2024-06-11,Treadmill 33,187027,59,Sports
2024-08-26,Drone with HD Camera 6,14772,41,Gadgets
2024-07-09,Running Shoes 38,79617,56,Sports
2024-06-30,Kitchen Mixer 31,104787,150,Home Appliances
2024-03-20,Casual Shirt 36,129942,27,Clothing
2024-10-11,Puzzle Game 25,158696,21,Toys
2024-12-05,Kitchen Mixer 5,185805,113,Home Appliances
2024-10-28,Lego Creator 19,150301,65,Toys
2024-11-28,Automatic Coffee Machine 44,146296,37,Home Appliances
2024-05-28,Premium Perfume 40,13460,151,Luxury
2024-06-06,Smart Refrigerator 10,154006,42,Home Appliances
2024-11-21,Drone with HD Camera 27,155069,156,Gadgets
2024-12-13,Smartwatch 33,159523,103,Electronics
2024-06-04,Smart Home Assistant 49,190289,38,Gadgets
2024-05-16,Diamond Earrings 43,100262,25,Luxury
2024-07-28,LED Smart TV 6,178166,156,Home Appliances
2024-11-10,Kitchen Mixer 35,161810,187,Home Appliances
2024-03-14,Yoga Mat 13,137496,193,Sports
2024-10-24,Smart Home Assistant 37,87733,38,Gadgets
2024-10-19,Diamond Earrings 4,43991,31,Luxury
2024-10-13,Laptop 35,24027,55,Electronics
2024-04-27,Whiskey Set 34,162239,152,Luxury
2024-11-05,Designer Jacket 47,55671,91,Clothing
2024-03-13,VR Headset 3,158523,102,Gadgets
2024-11-02,Car Dashcam 5,62875,92,Automobile
2024-11-05,Whiskey Set 28,173940,90,Luxury
2024-02-28,Dollhouse 1,161242,76,Toys
2024-04-09,Tablet 33,199873,127,Electronics
2024-05-03,Winter Coat 26,126898,84,Clothing
2024-06-09,Drone with HD Camera 48,96423,169,Gadgets
2024-04-06,Mechanical Keyboard 17,20793,68,Gadgets
2024-05-12,Wooden Dining Table 39,101411,70,Furniture
2024-08-06,Office Desk 35,59685,195,Furniture
2024-05-15,Designer Jacket 12,180523,42,Clothing
2024-12-23,Office Desk 29,130948,75,Furniture
2024-08-18,Luxury Handbag 10,119599,99,Luxury
2024-05-28,Casual Shirt 49,75796,140,Clothing
2024-09-20,Dollhouse 43,99803,59,Toys
2024-05-08,Mountain Bike 7,101315,58,Sports
2024-08-10,Dumbbell Set 15,102712,74,Sports
2024-10-30,Office Desk 42,32654,107,Furniture
2024-05-02,Smart Refrigerator 6,31804,178,Home Appliances
2024-01-16,GPS Navigator 50,36088,36,Automobile
2024-12-03,Winter Coat 29,134787,17,Clothing
2024-11-17,Wireless Earbuds 46,92135,39,Electronics
2024-08-24,VR Headset 5,137470,109,Gadgets
2024-02-02,Electric Scooter 46,10346,188,Automobile
2024-09-03,Motorcycle Helmet 41,67153,50,Automobile
2024-01-08,Motorcycle Helmet 33,33440,18,Automobile
2024-04-28,Smartwatch 31,98351,94,Electronics
2024-05-13,Alloy Wheels 12,192470,49,Automobile
2024-10-14,Treadmill 18,186318,30,Sports
2024-07-09,Designer Jacket 4,134983,109,Clothing
2024-02-10,Dumbbell Set 41,50686,35,Sports
2024-01-09,Sports Sneakers 42,67373,130,Clothing
2024-05-26,Smart Refrigerator 28,94417,179,Home Appliances
2024-06-01,GPS Navigator 43,183199,140,Automobile
2024-01-03,GPS Navigator 14,124078,173,Automobile
2024-12-29,Yoga Mat 29,152256,102,Sports
2024-02-29,Whiskey Set 14,129868,114,Luxury
2024-01-25,Bookshelf 29,52493,63,Furniture
2024-02-22,Remote Control Car 48,167420,185,Toys
2024-01-13,Diamond Earrings 29,58428,10,Luxury
2024-01-04,Smartwatch 8,40079,193,Electronics
2024-05-17,Modern Sofa 12,111655,62,Furniture
2024-11-27,Treadmill 7,129450,57,Sports
2024-02-13,Smart Refrigerator 21,59568,35,Home Appliances
2024-04-13,Alloy Wheels 16,184093,156,Automobile
2024-04-12,Drone with HD Camera 16,176688,166,Gadgets
2024-11-17,Running Shoes 7,157409,12,Sports
2024-03-03,Running Shoes 7,103724,61,Sports
2024-06-14,Smart Refrigerator 8,111095,15,Home Appliances
2024-04-09,Electric Scooter 14,15621,155,Automobile
2024-11-07,Mountain Bike 44,5470,53,Sports
2024-09-25,Running Shoes 4,47940,24,Sports
2024-10-06,Treadmill 29,72326,127,Sports
2024-04-20,Diamond Earrings 42,34792,77,Luxury
2024-03-08,Bookshelf 9,30520,171,Furniture
2024-03-02,Whiskey Set 33,74982,176,Luxury
2024-02-23,Smartphone 14,177162,121,Electronics
2024-01-21,Mechanical Keyboard 11,75257,108,Gadgets
2024-02-05,VR Headset 49,54041,73,Gadgets
2024-01-13,Winter Coat 42,100562,76,Clothing
2024-07-05,Premium Perfume 16,9024,195,Luxury
2024-08-23,Luxury Handbag 25,82275,97,Luxury
2024-06-01,Running Shoes 18,90549,41,Sports
2024-08-06,Sports Sneakers 18,49630,27,Clothing
2024-07-19,Smart Home Assistant 12,179099,180,Gadgets
2024-06-17,Automatic Coffee Machine 9,92689,47,Home Appliances
2024-01-09,Wooden Dining Table 4,77207,68,Furniture
2024-02-06,Modern Sofa 28,25745,24,Furniture
2024-07-07,VR Headset 43,180865,10,Gadgets
2024-08-11,Gaming Console 17,72569,182,Electronics
2024-10-02,Electric Scooter 9,174922,199,Automobile
2024-09-30,LED Smart TV 34,16436,17,Home Appliances
2024-09-14,Ergonomic Office Chair 31,77623,188,Furniture
2024-07-13,Electric Scooter 40,87259,198,Automobile
2024-06-04,Smart Home Assistant 14,160559,189,Gadgets
2024-02-22,Smartwatch 10,44695,192,Electronics
2024-04-05,Treadmill 49,25110,184,Sports
2024-11-18,Winter Coat 41,172832,10,Clothing
2024-11-22,Action Camera 36,196354,54,Gadgets
2024-02-28,Action Camera 43,143382,89,Gadgets
2024-01-19,Alloy Wheels 42,61566,189,Automobile
2024-02-27,Gold Watch 13,25652,121,Luxury
2024-08-15,VR Headset 15,101861,30,Gadgets
2024-06-11,Luxury Handbag 20,55780,52,Luxury
2024-08-05,Smart Refrigerator 17,62946,132,Home Appliances
2024-07-08,Leather Handbag 45,51452,22,Clothing
2024-10-11,Kitchen Mixer 23,101279,117,Home Appliances
2024-05-30,Running Shoes 39,115228,145,Sports
2024-01-08,Designer Jacket 21,133229,71,Clothing
2024-06-26,VR Headset 34,133845,171,Gadgets
2024-10-15,Children's Toy Set 23,97536,83,Toys
2024-03-31,Gaming Console 44,162169,79,Electronics
2024-12-26,Electric Scooter 22,67029,199,Automobile
2024-02-08,Yoga Mat 25,91940,151,Sports
2024-08-22,Smart Refrigerator 6,114884,130,Home Appliances
2024-06-17,Ergonomic Office Chair 46,150313,184,Furniture
2024-03-03,Diamond Earrings 44,178855,190,Luxury
2024-12-15,Drone with HD Camera 5,68410,10,Gadgets
2024-08-03,Smartphone 50,53630,109,Electronics
2024-01-09,4K TV 31,84169,181,Electronics
2024-04-30,Motorcycle Helmet 42,66504,167,Automobile
2024-03-14,Dollhouse 42,28799,106,Toys
2024-08-13,Diamond Earrings 22,133424,192,Luxury
2024-12-19,GPS Navigator 34,39320,198,Automobile
2024-05-18,Luxury Handbag 11,186538,153,Luxury
2024-05-18,Gold Watch 14,101308,153,Luxury
2024-06-11,Dollhouse 25,94649,94,Toys
2024-10-07,Designer Jacket 23,79381,183,Clothing
2024-03-09,Wireless Earbuds 44,44017,96,Electronics
2024-09-02,Electric Scooter 17,24346,61,Automobile
2024-05-12,Wooden Dining Table 48,91391,91,Furniture
2024-12-16,Microwave Oven 38,61533,170,Home Appliances
2024-04-13,Office Desk 26,29012,126,Furniture
2024-12-29,Sports Sneakers 1,129227,71,Clothing
2024-02-02,Sports Sneakers 15,57830,182,Clothing
2024-10-09,Action Camera 8,54239,74,Gadgets
2024-02-19,Wooden Dining Table 9,168243,129,Furniture
2024-08-02,Wireless Earbuds 32,52061,40,Electronics
2024-03-11,Office Desk 11,88452,116,Furniture
2024-07-19,Puzzle Game 37,28950,71,Toys
2024-04-20,Casual Shirt 10,20876,57,Clothing
2024-02-16,Automatic Coffee Machine 3,168249,37,Home Appliances
2024-04-08,Dumbbell Set 37,67867,190,Sports
2024-05-20,VR Headset 44,187411,154,Gadgets
2024-09-06,Microwave Oven 29,197786,23,Home Appliances
2024-12-08,Puzzle Game 10,43405,159,Toys
2024-10-21,Smart Refrigerator 40,131482,174,Home Appliances
2024-03-27,Ergonomic Office Chair 50,129941,24,Furniture
2024-12-10,Gaming Console 3,49193,153,Electronics
2024-08-30,Children's Toy Set 1,38347,29,Toys
2024-07-14,Drone with HD Camera 11,155150,132,Gadgets
2024-08-27,Luxury Handbag 25,70663,200,Luxury
2024-02-25,Modern Sofa 24,57729,118,Furniture
2024-06-01,Drone with HD Camera 35,37318,150,Gadgets
2024-04-20,Children's Toy Set 13,10451,43,Toys
2024-05-12,VR Headset 9,182873,68,Gadgets
2024-07-28,Children's Toy Set 9,81139,194,Toys
2024-10-16,Children's Toy Set 41,48290,48,Toys
2024-11-13,Dumbbell Set 1,192825,28,Sports
2024-08-28,Motorcycle Helmet 15,127604,50,Automobile
2024-07-19,Bookshelf 46,99196,64,Furniture
2024-12-23,Kitchen Mixer 17,8893,69,Home Appliances
2024-04-20,Action Camera 14,149230,101,Gadgets
2024-08-22,Winter Coat 35,176266,69,Clothing
2024-11-09,Motorcycle Helmet 20,127200,20,Automobile
2024-10-28,Motorcycle Helmet 34,20716,136,Automobile
2024-02-05,Dollhouse 45,97746,126,Toys
2024-05-18,Smart Home Assistant 29,151376,108,Gadgets
2024-10-20,Whiskey Set 31,106842,51,Luxury
2024-06-24,Yoga Mat 31,42616,110,Sports
2024-05-03,Electric Scooter 40,156100,55,Automobile
2024-02-27,Winter Coat 37,45386,94,Clothing
2024-01-06,Children's Toy Set 42,96850,77,Toys
2024-10-03,Modern Sofa 35,112536,26,Furniture
2024-11-25,Action Camera 43,189559,109,Gadgets
2024-08-17,Leather Handbag 15,43547,47,Clothing
2024-05-21,Luxury Handbag 17,176736,193,Luxury
2024-01-10,Drone with HD Camera 45,67359,50,Gadgets
2024-12-08,Remote Control Car 43,153428,28,Toys
2024-01-29,VR Headset 30,189178,188,Gadgets
2024-04-12,Laptop 16,102413,199,Electronics
2024-05-25,VR Headset 36,41392,34,Gadgets
2024-05-22,GPS Navigator 44,88387,112,Automobile
2024-10-17,Automatic Coffee Machine 1,185830,163,Home Appliances
2024-10-22,Lego Creator 40,51108,148,Toys
2024-09-25,Action Camera 36,159052,41,Gadgets
2024-11-02,Office Desk 20,17983,194,Furniture
2024-12-10,Luxury Handbag 42,116078,179,Luxury
2024-12-28,Gold Watch 15,155349,183,Luxury
2024-07-12,Dumbbell Set 31,136543,154,Sports
2024-11-06,Gold Watch 1,105521,48,Luxury
2024-03-06,Gold Watch 28,149739,152,Luxury
2024-05-08,Mechanical Keyboard 13,21500,98,Gadgets
2024-06-24,Gold Watch 37,73800,161,Luxury
2024-01-21,Office Desk 9,31222,68,Furniture
2024-04-06,Remote Control Car 40,28903,190,Toys
2024-01-08,Modern Sofa 19,162589,138,Furniture
2024-07-22,Children's Toy Set 19,131849,99,Toys
2024-09-19,Smart Home Assistant 37,68505,170,Gadgets
2024-06-04,Bookshelf 7,162104,58,Furniture
2024-10-19,Leather Handbag 27,38972,124,Clothing
2024-12-08,Children's Toy Set 37,20140,21,Toys
2024-09-13,LED Smart TV 27,163323,105,Home Appliances
2024-02-26,Car Dashcam 9,77812,122,Automobile
2024-03-15,Mechanical Keyboard 31,96763,102,Gadgets
2024-08-01,Car Dashcam 28,81241,44,Automobile
2024-02-27,Leather Handbag 20,146347,63,Clothing
2024-12-05,4K TV 33,65235,42,Electronics
2024-01-24,Wireless Earbuds 46,97276,54,Electronics
2024-11-25,Action Camera 1,145142,83,Gadgets
2024-03-13,Running Shoes 19,62345,64,Sports
2024-02-02,GPS Navigator 44,193132,24,Automobile
2024-11-08,Ergonomic Office Chair 21,78397,127,Furniture
2024-01-25,Sports Sneakers 29,72023,134,Clothing
2024-10-16,Running Shoes 46,168770,200,Sports
2024-04-04,Whiskey Set 45,111736,153,Luxury
2024-04-20,Mountain Bike 44,58563,188,Sports
2024-05-21,Luxury Handbag 23,146240,17,Luxury
2024-12-26,Microwave Oven 17,109244,189,Home Appliances
2024-01-29,Premium Perfume 22,108495,72,Luxury
2024-10-19,Smartphone 49,115390,44,Electronics
2024-11-08,Laptop 11,158039,98,Electronics
2024-07-20,Sports Sneakers 29,147273,59,Clothing
2024-01-29,Dumbbell Set 16,104366,192,Sports
2024-12-12,Leather Handbag 21,123907,21,Clothing
2024-10-08,Yoga Mat 36,141426,49,Sports
2024-08-08,Gold Watch 37,118239,183,Luxury
2024-11-03,Office Desk 3,59098,103,Furniture
2024-08-27,Gaming Console 11,76812,50,Electronics
2024-06-02,Yoga Mat 49,135795,181,Sports
2024-05-12,Smartphone 33,41129,144,Electronics
2024-07-11,Smartphone 33,184043,189,Electronics
2024-12-19,Wireless Earbuds 30,178003,15,Electronics
2024-05-30,Kitchen Mixer 17,185245,28,Home Appliances
2024-12-04,Casual Shirt 41,127318,183,Clothing
2024-03-14,Puzzle Game 26,132570,79,Toys
2024-02-05,4K TV 28,12434,43,Electronics
2024-10-10,Smartphone 43,127500,24,Electronics
2024-07-01,Smart Home Assistant 24,11429,164,Gadgets
2024-12-18,LED Smart TV 43,35770,19,Home Appliances
2024-03-23,Smart Home Assistant 4,171685,136,Gadgets
2024-03-20,Running Shoes 33,128747,200,Sports
2024-04-23,Winter Coat 2,39349,165,Clothing
2024-12-06,Dumbbell Set 43,155572,120,Sports
2024-02-26,Sports Sneakers 13,91536,31,Clothing
2024-06-27,Sports Sneakers 2,67924,139,Clothing
2024-02-26,Wooden Dining Table 34,112561,107,Furniture
2024-10-03,Mechanical Keyboard 6,134188,76,Gadgets
2024-09-26,Mechanical Keyboard 38,131469,181,Gadgets
2024-08-17,Gaming Console 28,178448,26,Electronics
2024-03-06,Designer Jacket 28,168057,12,Clothing
2024-04-11,Mechanical Keyboard 26,125460,143,Gadgets
2024-10-27,Action Camera 50,121315,172,Gadgets
2024-02-18,Designer Jacket 37,148029,125,Clothing
2024-09-01,Mountain Bike 41,99424,147,Sports
2024-04-19,LED Smart TV 4,173622,169,Home Appliances
2024-09-22,Mechanical Keyboard 47,177957,70,Gadgets
2024-10-06,Casual Shirt 28,95962,44,Clothing
2024-04-03,Remote Control Car 44,157280,193,Toys
2024-07-20,Leather Handbag 18,165261,102,Clothing
2024-05-24,Treadmill 49,35996,188,Sports
2024-10-03,Children's Toy Set 22,102171,84,Toys
2024-03-11,Mountain Bike 28,114304,54,Sports
2024-10-28,VR Headset 9,106657,119,Gadgets
2024-03-25,Sports Sneakers 35,89407,129,Clothing
2024-06-08,Casual Shirt 5,53036,48,Clothing
2024-04-22,Alloy Wheels 49,97762,111,Automobile
2024-06-06,Puzzle Game 28,165176,190,Toys
2024-02-04,Drone with HD Camera 38,144845,35,Gadgets
2024-08-25,4K TV 6,116629,49,Electronics
2024-01-18,Diamond Earrings 19,155148,67,Luxury
2024-02-20,Luxury Handbag 22,174331,26,Luxury
2024-03-23,Mechanical Keyboard 26,58132,145,Gadgets
2024-03-02,Leather Handbag 9,48206,34,Clothing
2024-09-14,Electric Scooter 14,111801,130,Automobile
2024-01-07,Dollhouse 3,180838,124,Toys
2024-11-25,Motorcycle Helmet 50,121006,19,Automobile
2024-12-18,Winter Coat 1,126241,116,Clothing
2024-01-12,Kitchen Mixer 31,104203,80,Home Appliances
2024-03-27,VR Headset 34,30388,176,Gadgets
2024-10-26,Car Dashcam 14,193625,141,Automobile
2024-10-02,Alloy Wheels 24,158018,20,Automobile
2024-11-27,Car Dashcam 15,169601,128,Automobile
2024-02-07,VR Headset 32,69608,99,Gadgets
2024-09-04,LED Smart TV 46,186659,144,Home Appliances
2024-02-01,GPS Navigator 39,97070,164,Automobile
2024-10-25,Electric Scooter 39,161468,162,Automobile
2024-06-14,Whiskey Set 42,169263,19,Luxury
2024-08-02,Office Desk 20,126367,101,Furniture
2024-08-03,Puzzle Game 30,29356,42,Toys
2024-03-21,Mountain Bike 48,36906,81,Sports
2024-04-02,Wooden Dining Table 5,91251,112,Furniture
2024-05-01,Winter Coat 46,120096,195,Clothing
2024-11-07,Smartwatch 38,30497,194,Electronics
2024-12-03,Casual Shirt 3,31188,93,Clothing
2024-12-03,Whiskey Set 24,181518,108,Luxury
2024-04-04,Diamond Earrings 48,168400,42,Luxury
2024-11-16,Gold Watch 17,187121,151,Luxury
2024-04-21,Children's Toy Set 34,44733,58,Toys
2024-12-14,Wooden Dining Table 44,147008,77,Furniture
2024-09-26,Alloy Wheels 18,6689,175,Automobile
2024-02-01,Tablet 49,22716,113,Electronics
2024-11-08,Automatic Coffee Machine 2,61128,181,Home Appliances
2024-10-31,Wooden Dining Table 28,124031,173,Furniture
2024-08-07,Mountain Bike 40,133773,86,Sports
2024-06-24,VR Headset 2,25392,193,Gadgets
2024-10-27,Gold Watch 14,160350,180,Luxury
2024-10-24,Remote Control Car 29,88002,68,Toys
2024-10-25,Premium Perfume 37,100820,35,Luxury
2024-06-23,Tablet 50,100487,147,Electronics
2024-06-12,Luxury Handbag 5,162574,117,Luxury
2024-08-21,Drone with HD Camera 33,109258,107,Gadgets
2024-08-29,VR Headset 1,142499,145,Gadgets
2024-01-05,Smartwatch 15,67428,89,Electronics
2024-09-03,Wooden Dining Table 33,38319,130,Furniture
2024-10-14,Dumbbell Set 43,37702,136,Sports
2024-02-02,Ergonomic Office Chair 48,85343,158,Furniture
2024-03-14,Children's Toy Set 32,54718,169,Toys
2024-12-26,Action Camera 29,125733,158,Gadgets
2024-04-23,Smartwatch 26,68863,129,Electronics
2024-07-20,Dumbbell Set 41,190168,101,Sports
2024-01-13,Mechanical Keyboard 8,40571,155,Gadgets
2024-03-12,Puzzle Game 37,80729,17,Toys
2024-03-12,Winter Coat 30,185933,163,Clothing
2024-11-08,Luxury Handbag 6,114562,110,Luxury
2024-11-07,Wireless Earbuds 15,152702,98,Electronics
2024-04-04,Sports Sneakers 2,136792,140,Clothing
2024-04-19,Designer Jacket 42,176917,106,Clothing
2024-08-10,Ergonomic Office Chair 38,137081,137,Furniture
2024-10-23,4K TV 7,116444,61,Electronics
2024-01-11,Alloy Wheels 15,179613,175,Automobile
2024-10-23,Mechanical Keyboard 31,103891,71,Gadgets
2024-03-31,Dollhouse 26,138401,154,Toys
2024-02-18,Casual Shirt 20,183594,83,Clothing
2024-01-31,Automatic Coffee Machine 12,63996,131,Home Appliances
2024-07-28,GPS Navigator 2,144650,38,Automobile
2024-12-17,Smart Refrigerator 8,5018,183,Home Appliances
2024-12-03,Modern Sofa 34,54804,160,Furniture
2024-01-18,Yoga Mat 39,133720,30,Sports
2024-05-26,4K TV 23,156493,179,Electronics
2024-07-26,Mechanical Keyboard 32,196776,180,Gadgets
2024-05-27,Microwave Oven 15,162378,138,Home Appliances
2024-04-24,Luxury Handbag 14,164409,170,Luxury
2024-06-21,Smart Refrigerator 49,161742,44,Home Appliances
2024-08-27,Ergonomic Office Chair 13,67724,122,Furniture
2024-12-08,Children's Toy Set 50,140223,118,Toys
2024-04-16,Remote Control Car 31,199628,156,Toys
2024-12-07,Designer Jacket 38,154129,68,Clothing
2024-02-10,Gold Watch 43,169220,103,Luxury
2024-10-17,Mountain Bike 10,41713,195,Sports
2024-04-16,Winter Coat 47,157478,149,Clothing
2024-05-28,Leather Handbag 13,125574,69,Clothing
2024-03-25,Luxury Handbag 48,20883,47,Luxury
2024-10-04,VR Headset 24,127226,59,Gadgets
2024-11-29,Motorcycle Helmet 49,75658,87,Automobile
2024-11-01,Wireless Earbuds 49,145173,130,Electronics
2024-01-18,Whiskey Set 24,51867,136,Luxury
2024-06-09,Ergonomic Office Chair 31,102479,140,Furniture
2024-12-31,Modern Sofa 40,70239,25,Furniture
2024-12-18,Designer Jacket 10,153963,47,Clothing
2024-03-31,VR Headset 50,159753,15,Gadgets
2024-04-28,Casual Shirt 50,174928,59,Clothing
2024-05-07,Wooden Dining Table 24,169435,137,Furniture
2024-09-26,Alloy Wheels 13,173948,164,Automobile
2024-11-20,Leather Handbag 37,30603,105,Clothing
2024-05-22,VR Headset 37,40489,72,Gadgets
2024-02-13,Treadmill 20,111036,57,Sports
2024-07-21,Mountain Bike 12,137511,188,Sports
2024-04-13,Yoga Mat 40,172775,104,Sports
2024-04-10,Running Shoes 48,148563,32,Sports
2024-04-12,Smart Refrigerator 41,155851,155,Home Appliances
2024-10-17,Motorcycle Helmet 15,175729,96,Automobile
2024-07-10,Automatic Coffee Machine 21,65904,196,Home Appliances
2024-03-28,Premium Perfume 45,21180,200,Luxury
2024-11-10,Yoga Mat 30,86429,116,Sports
2024-11-25,Office Desk 40,190709,149,Furniture
2024-08-28,Running Shoes 42,20989,67,Sports
2024-09-27,Mountain Bike 18,12393,121,Sports
2024-04-01,Whiskey Set 49,150028,56,Luxury
2024-07-11,Winter Coat 37,173898,183,Clothing
2024-07-02,Microwave Oven 34,134077,89,Home Appliances
2024-08-18,Tablet 14,106046,83,Electronics
2024-12-28,Alloy Wheels 42,12286,164,Automobile
2024-01-07,Leather Handbag 38,186691,111,Clothing
2024-11-29,Puzzle Game 11,154402,134,Toys
2024-07-22,4K TV 47,62628,131,Electronics
2024-03-04,LED Smart TV 7,77770,167,Home Appliances
2024-09-30,Puzzle Game 23,88701,151,Toys
2024-05-31,Whiskey Set 14,44407,186,Luxury
2024-11-06,Puzzle Game 20,20132,39,Toys
2024-09-03,Microwave Oven 27,123548,193,Home Appliances
2024-01-28,Laptop 33,80109,97,Electronics
2024-08-26,Office Desk 28,119565,104,Furniture
2024-07-20,Diamond Earrings 50,50374,19,Luxury
2024-10-09,Kitchen Mixer 50,189921,95,Home Appliances
2024-07-28,Mountain Bike 10,143267,129,Sports
2024-04-16,Smart Home Assistant 28,163787,46,Gadgets
2024-04-22,Alloy Wheels 39,110695,121,Automobile
2024-07-22,Mountain Bike 50,83143,45,Sports
2024-04-07,Yoga Mat 21,131869,125,Sports
2024-11-28,Smart Home Assistant 13,158191,165,Gadgets
2024-03-29,Alloy Wheels 46,177725,26,Automobile
2024-04-26,Dollhouse 38,180686,158,Toys
2024-12-31,Designer Jacket 10,107375,14,Clothing
2024-12-02,Lego Creator 31,194011,12,Toys
2024-05-21,Automatic Coffee Machine 23,100076,112,Home Appliances
2024-12-09,Luxury Handbag 30,85285,33,Luxury
2024-12-21,Motorcycle Helmet 7,182844,112,Automobile
2024-11-09,Whiskey Set 13,104276,14,Luxury
2024-06-01,Modern Sofa 41,43463,81,Furniture
2024-07-21,Office Desk 20,190753,75,Furniture
2024-03-21,Kitchen Mixer 17,15348,73,Home Appliances
2024-07-25,Whiskey Set 40,60206,44,Luxury
2024-03-11,Designer Jacket 27,34784,80,Clothing
2024-05-10,Dollhouse 50,177868,148,Toys
2024-11-22,Alloy Wheels 10,24651,21,Automobile
2024-07-07,Premium Perfume 16,92372,169,Luxury
2024-10-18,Laptop 41,105740,99,Electronics
2024-09-20,Gaming Console 37,31270,79,Electronics
2024-10-10,Tablet 30,117774,152,Electronics
2024-06-18,Bookshelf 7,100360,68,Furniture
2024-01-24,Smartphone 3,35806,20,Electronics
2024-05-29,Running Shoes 16,53960,144,Sports
2024-05-05,Premium Perfume 9,66723,175,Luxury
2024-11-05,4K TV 35,169255,175,Electronics
2024-01-08,Dumbbell Set 23,61126,129,Sports
2024-06-03,Sports Sneakers 47,8295,148,Clothing
2024-12-27,Lego Creator 4,41383,154,Toys
2024-02-28,Office Desk 1,25870,48,Furniture
2024-07-13,Treadmill 7,46467,100,Sports
2024-02-04,Whiskey Set 17,131850,198,Luxury
2024-06-26,Bookshelf 29,21807,165,Furniture
2024-07-29,Mechanical Keyboard 9,88914,23,Gadgets
2024-09-28,Dollhouse 9,94310,88,Toys
2024-01-14,Lego Creator 33,34959,56,Toys
2024-10-06,Kitchen Mixer 14,54662,26,Home Appliances
2024-11-07,Kitchen Mixer 43,144643,108,Home Appliances
2024-08-24,Mountain Bike 1,132851,156,Sports
2024-01-08,Motorcycle Helmet 22,14263,113,Automobile
2024-05-25,Dumbbell Set 39,21583,95,Sports
2024-01-10,Premium Perfume 48,153706,194,Luxury
2024-12-15,Children's Toy Set 7,178894,88,Toys
2024-06-17,Luxury Handbag 21,129910,105,Luxury
2024-02-13,Motorcycle Helmet 41,125529,142,Automobile
2024-06-29,LED Smart TV 6,192932,52,Home Appliances
2024-03-19,Dollhouse 41,85201,25,Toys
2024-09-18,Wireless Earbuds 26,148548,10,Electronics
2024-11-25,Luxury Handbag 1,53417,135,Luxury
2024-03-13,Ergonomic Office Chair 21,142154,200,Furniture
2024-02-16,Sports Sneakers 10,76969,32,Clothing
2024-03-02,Alloy Wheels 49,68192,73,Automobile
2024-10-10,Smartphone 15,37728,169,Electronics
2024-06-18,Puzzle Game 29,178896,52,Toys
2024-12-07,Drone with HD Camera 42,153511,19,Gadgets
2024-06-04,Remote Control Car 37,115289,135,Toys
2024-05-03,Smart Home Assistant 14,139784,180,Gadgets
2024-08-28,Premium Perfume 3,127609,46,Luxury
2024-03-23,Leather Handbag 7,47006,151,Clothing
2024-04-01,Smart Refrigerator 12,41552,79,Home Appliances
2024-06-28,Whiskey Set 39,80259,69,Luxury
2024-04-09,Dollhouse 47,133728,183,Toys
2024-11-23,Remote Control Car 16,52546,43,Toys
2024-06-05,Winter Coat 31,163782,158,Clothing
2024-02-05,Wooden Dining Table 33,170389,198,Furniture
2024-04-25,Kitchen Mixer 42,76542,175,Home Appliances
2024-02-27,Modern Sofa 47,189009,53,Furniture
2024-02-21,LED Smart TV 25,199755,49,Home Appliances
2024-04-05,VR Headset 35,156663,64,Gadgets
2024-05-24,Running Shoes 48,133376,145,Sports
2024-01-14,Treadmill 26,160192,184,Sports
2024-01-04,Lego Creator 13,176672,63,Toys
2024-12-11,Running Shoes 23,56470,80,Sports
2024-11-23,Leather Handbag 34,41234,51,Clothing
2024-09-09,Lego Creator 26,101589,14,Toys
2024-08-21,Casual Shirt 8,78126,123,Clothing
2024-11-11,Ergonomic Office Chair 38,88012,20,Furniture
2024-05-13,VR Headset 40,173971,117,Gadgets
2024-11-13,Dollhouse 16,198570,29,Toys
2024-01-27,Smartphone 8,152376,11,Electronics
2024-02-06,LED Smart TV 11,12259,163,Home Appliances
2024-10-14,Mountain Bike 21,32511,68,Sports
2024-07-08,Motorcycle Helmet 41,75140,16,Automobile
2024-01-24,4K TV 27,7122,16,Electronics
2024-05-13,Alloy Wheels 31,21310,14,Automobile
2024-07-17,Microwave Oven 21,41873,46,Home Appliances
2024-07-03,Treadmill 17,28897,138,Sports
2024-02-28,Diamond Earrings 11,89140,187,Luxury
2024-11-21,Leather Handbag 43,105810,16,Clothing
2024-01-29,Modern Sofa 11,12260,118,Furniture
2024-02-28,Casual Shirt 9,112686,73,Clothing
2024-12-21,Microwave Oven 10,8179,171,Home Appliances
2024-11-29,Whiskey Set 49,39018,32,Luxury
2024-01-22,Dollhouse 40,115167,98,Toys
2024-05-24,Yoga Mat 39,76002,64,Sports
2024-04-02,Smart Home Assistant 11,127376,133,Gadgets
2024-10-19,Modern Sofa 16,9847,81,Furniture
2024-02-18,Gold Watch 35,10338,52,Luxury
2024-02-05,Remote Control Car 37,33825,80,Toys
2024-01-27,Car Dashcam 20,167963,104,Automobile
2024-11-14,Automatic Coffee Machine 44,118352,44,Home Appliances
2024-11-02,Dollhouse 7,188230,153,Toys
2024-08-11,Sports Sneakers 31,168307,98,Clothing
2024-03-14,Bookshelf 47,139488,97,Furniture
2024-08-13,Running Shoes 21,59594,84,Sports
2024-03-21,Casual Shirt 17,38696,111,Clothing
2024-11-17,Alloy Wheels 31,150884,141,Automobile
2024-02-13,Premium Perfume 41,186394,156,Luxury
2024-08-21,Mountain Bike 34,26363,182,Sports
2024-02-18,Car Dashcam 49,130399,131,Automobile
2024-10-07,Designer Jacket 16,5579,188,Clothing
2024-06-24,Sports Sneakers 17,21688,182,Clothing
2024-09-25,Sports Sneakers 16,126570,58,Clothing
2024-06-30,Dollhouse 13,145263,71,Toys
2024-04-06,Mechanical Keyboard 1,79571,24,Gadgets
2024-08-23,Kitchen Mixer 48,115877,127,Home Appliances
2024-04-07,Gaming Console 13,165540,128,Electronics
2024-05-11,Lego Creator 43,193860,120,Toys
2024-11-21,Whiskey Set 32,132685,19,Luxury
2024-11-25,Leather Handbag 18,17861,159,Clothing
2024-08-23,Tablet 21,198420,64,Electronics
2024-09-29,Children's Toy Set 41,61187,131,Toys
2024-01-21,Running Shoes 47,96464,85,Sports
2024-03-15,Sports Sneakers 20,105829,99,Clothing
2024-06-29,Remote Control Car 9,189810,52,Toys
2024-09-28,VR Headset 5,128521,86,Gadgets
2024-03-14,Bookshelf 38,103831,73,Furniture
2024-07-28,4K TV 15,126928,35,Electronics
2024-06-20,Bookshelf 4,93808,122,Furniture
2024-02-24,Smartwatch 34,144806,140,Electronics
2024-07-18,Microwave Oven 21,173260,54,Home Appliances
2024-08-13,Automatic Coffee Machine 40,128053,121,Home Appliances
2024-01-18,Smartwatch 44,122631,104,Electronics
2024-06-01,Office Desk 14,128777,108,Furniture
2024-08-29,Premium Perfume 17,149258,12,Luxury
2024-04-03,Running Shoes 36,44720,168,Sports
2024-05-26,Running Shoes 30,84584,68,Sports
2024-08-18,Office Desk 2,77296,69,Furniture
2024-02-06,Smart Refrigerator 40,15205,103,Home Appliances
2024-10-30,Luxury Handbag 42,147292,102,Luxury
2024-12-08,4K TV 48,128713,36,Electronics
2024-02-22,Lego Creator 19,81112,44,Toys
2024-10-30,Ergonomic Office Chair 11,7784,59,Furniture
2024-03-16,Remote Control Car 17,155399,55,Toys
2024-06-20,Premium Perfume 39,185676,17,Luxury
2024-12-05,Microwave Oven 25,57506,95,Home Appliances
2024-12-23,Premium Perfume 4,173155,149,Luxury
2024-01-11,Casual Shirt 24,29842,195,Clothing
2024-08-31,Office Desk 2,9133,85,Furniture
2024-01-03,Running Shoes 35,126705,87,Sports
2024-10-18,Motorcycle Helmet 45,84256,39,Automobile
2024-10-08,Wooden Dining Table 37,108233,69,Furniture
2024-02-29,Children's Toy Set 3,150036,189,Toys
2024-04-10,Lego Creator 17,165797,69,Toys
2024-08-02,Ergonomic Office Chair 9,136434,198,Furniture
2024-02-03,Bookshelf 31,65390,151,Furniture
2024-11-07,Dumbbell Set 13,188184,103,Sports
2024-04-07,Bookshelf 7,150852,18,Furniture
2024-07-01,Modern Sofa 12,163285,128,Furniture
2024-04-06,Gold Watch 35,112240,47,Luxury
2024-01-22,Motorcycle Helmet 44,26092,150,Automobile
2024-02-24,Luxury Handbag 30,156123,184,Luxury
2024-01-26,Mountain Bike 42,68790,131,Sports
2024-01-13,Smartwatch 37,197518,130,Electronics
2024-01-03,Children's Toy Set 45,199542,146,Toys
2024-05-15,Diamond Earrings 29,186995,95,Luxury
2024-08-09,Drone with HD Camera 33,102130,137,Gadgets
2024-08-05,Microwave Oven 38,16194,152,Home Appliances
2024-11-09,Alloy Wheels 36,84436,98,Automobile
2024-03-05,Ergonomic Office Chair 50,68356,194,Furniture
2024-02-07,Children's Toy Set 33,60554,68,Toys
2024-01-26,Premium Perfume 12,52700,92,Luxury
2024-07-20,Kitchen Mixer 27,50413,132,Home Appliances
2024-08-31,Bookshelf 30,154575,14,Furniture
2024-11-26,Whiskey Set 36,151399,27,Luxury
2024-11-16,Tablet 2,161705,170,Electronics
2024-12-21,Gaming Console 45,93620,151,Electronics
2024-02-01,Smartwatch 30,88137,25,Electronics
2024-12-24,Microwave Oven 34,127163,124,Home Appliances
2024-11-29,Treadmill 38,150826,55,Sports
2024-09-25,Remote Control Car 14,145587,17,Toys
2024-01-22,Whiskey Set 18,22432,27,Luxury
2024-03-05,GPS Navigator 42,49267,106,Automobile
2024-07-14,Whiskey Set 25,167343,96,Luxury
2024-06-22,Car Dashcam 24,139371,22,Automobile
2024-05-27,GPS Navigator 35,71506,66,Automobile
2024-07-28,Yoga Mat 7,127354,133,Sports
2024-04-29,VR Headset 34,68316,185,Gadgets
2024-06-15,Luxury Handbag 2,69501,134,Luxury
2024-12-16,Winter Coat 43,68529,163,Clothing
2024-07-01,Dollhouse 39,24498,189,Toys
2024-12-23,Smartwatch 11,151893,37,Electronics
2024-11-05,Wooden Dining Table 42,92641,20,Furniture
2024-04-16,Modern Sofa 1,198572,132,Furniture
2024-12-23,Treadmill 48,175716,130,Sports
2024-09-17,Laptop 33,125140,51,Electronics
2024-01-25,Winter Coat 26,41124,124,Clothing
2024-06-15,Puzzle Game 19,31359,113,Toys
2024-09-03,GPS Navigator 3,143401,156,Automobile
2024-08-16,Wireless Earbuds 36,163739,79,Electronics
2024-09-30,Smart Home Assistant 9,64704,112,Gadgets
2024-06-05,Yoga Mat 31,16284,151,Sports
2024-06-26,Dumbbell Set 50,157791,178,Sports
2024-07-31,Bookshelf 45,170219,62,Furniture
2024-03-15,GPS Navigator 49,198407,138,Automobile
2024-10-10,Puzzle Game 33,8758,42,Toys
2024-06-25,Drone with HD Camera 13,155853,117,Gadgets
2024-01-13,Smart Refrigerator 26,23439,155,Home Appliances
2024-06-30,Microwave Oven 18,48832,153,Home Appliances
2024-01-03,4K TV 27,23190,173,Electronics
2024-08-26,Office Desk 13,110993,15,Furniture
2024-06-17,Casual Shirt 13,34283,186,Clothing
2024-06-05,Puzzle Game 37,172880,52,Toys
2024-12-22,Bookshelf 7,85443,139,Furniture
2024-08-11,Remote Control Car 24,150524,172,Toys
2024-03-18,Treadmill 45,11303,30,Sports
2024-07-21,Treadmill 47,174639,155,Sports
2024-03-23,Casual Shirt 30,88005,13,Clothing
2024-10-14,Lego Creator 38,44052,36,Toys
2024-10-29,Yoga Mat 31,19453,34,Sports
2024-06-12,Action Camera 41,173834,49,Gadgets
2024-07-24,Modern Sofa 3,116466,144,Furniture
2024-07-25,Automatic Coffee Machine 3,18313,142,Home Appliances
2024-10-10,Puzzle Game 14,141807,164,Toys
2024-03-10,Running Shoes 11,20667,87,Sports
2024-02-06,Luxury Handbag 12,154462,46,Luxury
2024-02-14,Lego Creator 37,197726,42,Toys
2024-06-21,Yoga Mat 12,154307,122,Sports
2024-12-05,Office Desk 35,32032,89,Furniture
2024-07-20,Bookshelf 38,35669,144,Furniture
2024-10-08,Laptop 41,50497,114,Electronics
2024-11-16,Bookshelf 32,189650,56,Furniture
2024-01-14,Wooden Dining Table 24,160739,121,Furniture
2024-10-16,Winter Coat 38,186845,190,Clothing
2024-02-22,Casual Shirt 44,195217,191,Clothing
2024-04-10,Laptop 31,197843,167,Electronics
2024-07-04,Wireless Earbuds 42,16696,178,Electronics
2024-07-25,Premium Perfume 22,139661,32,Luxury
2024-07-29,Smart Refrigerator 42,133738,179,Home Appliances
2024-04-21,Smart Refrigerator 1,116896,36,Home Appliances
2024-11-12,Car Dashcam 9,178385,86,Automobile
2024-06-13,Mechanical Keyboard 45,31585,174,Gadgets
2024-01-30,Diamond Earrings 19,142157,26,Luxury
2024-09-03,Leather Handbag 38,19390,45,Clothing
2024-12-26,Alloy Wheels 22,18660,26,Automobile
2024-03-20,Casual Shirt 19,57164,196,Clothing
2024-11-19,Tablet 28,195867,191,Electronics
2024-02-10,Luxury Handbag 14,29603,76,Luxury
2024-06-26,Bookshelf 24,162157,139,Furniture
2024-06-24,Mechanical Keyboard 10,165758,175,Gadgets
2024-06-10,Designer Jacket 8,43713,53,Clothing
2024-06-11,Kitchen Mixer 13,135147,139,Home Appliances
2024-11-18,Treadmill 18,177430,182,Sports
2024-04-09,Modern Sofa 12,183767,18,Furniture
2024-06-01,Treadmill 16,186815,81,Sports
2024-02-13,Running Shoes 13,184309,188,Sports
2024-09-13,Smartphone 13,173725,115,Electronics
2024-12-27,Mountain Bike 20,30387,20,Sports
2024-10-15,Designer Jacket 11,48519,198,Clothing
2024-02-01,Children's Toy Set 22,146098,39,Toys
2024-01-04,Smart Home Assistant 45,183255,22,Gadgets
2024-07-16,Gold Watch 17,73599,178,Luxury
2024-04-02,Ergonomic Office Chair 39,72301,100,Furniture
2024-07-26,Motorcycle Helmet 32,182008,198,Automobile
2024-05-20,Alloy Wheels 6,12492,195,Automobile
2024-04-25,Designer Jacket 16,153245,148,Clothing
2024-01-13,Casual Shirt 48,56034,70,Clothing
2024-09-18,Gold Watch 32,115478,70,Luxury
2024-03-29,Gold Watch 26,145550,21,Luxury
2024-04-30,Smart Home Assistant 12,66043,10,Gadgets
2024-01-18,Smart Home Assistant 22,199608,161,Gadgets
2024-10-07,Car Dashcam 17,72332,154,Automobile
2024-04-12,Luxury Handbag 35,109140,32,Luxury
2024-01-06,Luxury Handbag 7,78643,51,Luxury
2024-08-04,Diamond Earrings 46,42417,70,Luxury
2024-11-30,Microwave Oven 44,89299,151,Home Appliances
2024-04-07,GPS Navigator 22,35582,157,Automobile
2024-04-11,Lego Creator 12,174265,133,Toys
2024-01-19,Drone with HD Camera 48,5042,187,Gadgets
2024-08-26,Smart Home Assistant 7,17286,155,Gadgets
2024-08-14,Puzzle Game 5,81728,60,Toys
2024-02-08,Sports Sneakers 29,10086,188,Clothing
2024-01-25,Luxury Handbag 33,52494,93,Luxury
2024-06-07,Wireless Earbuds 21,90914,26,Electronics
2024-01-07,Mountain Bike 24,70518,102,Sports
2024-10-21,Winter Coat 21,81253,96,Clothing
2024-01-07,Car Dashcam 19,67911,111,Automobile
2024-05-21,VR Headset 31,96677,85,Gadgets
2024-03-30,Car Dashcam 47,178476,187,Automobile
2024-06-04,Laptop 29,196178,79,Electronics
2024-06-23,Remote Control Car 43,193743,98,Toys
2024-11-30,Children's Toy Set 11,65194,185,Toys
2024-07-17,Luxury Handbag 30,9046,128,Luxury
2024-07-08,Bookshelf 5,84561,97,Furniture
2024-03-27,Wooden Dining Table 17,9246,46,Furniture
2024-03-18,GPS Navigator 22,135135,128,Automobile
2024-09-10,Yoga Mat 33,110476,119,Sports
2024-01-25,Ergonomic Office Chair 9,101841,92,Furniture
2024-05-25,Remote Control Car 50,185147,86,Toys
2024-05-08,Alloy Wheels 47,115619,56,Automobile
2024-01-23,Mountain Bike 13,114011,92,Sports
2024-12-24,Kitchen Mixer 14,10891,197,Home Appliances
2024-02-19,Puzzle Game 3,91911,183,Toys
2024-09-16,Casual Shirt 27,175511,157,Clothing
2024-06-24,Sports Sneakers 1,90550,144,Clothing
2024-09-07,Microwave Oven 32,23166,191,Home Appliances
2024-09-22,Yoga Mat 24,52382,38,Sports
2024-03-18,Designer Jacket 49,48258,158,Clothing
2024-03-19,Motorcycle Helmet 48,58968,33,Automobile
2024-10-20,Mechanical Keyboard 25,179594,194,Gadgets
2024-05-27,Dollhouse 47,19663,157,Toys
2024-08-29,Action Camera 31,131201,103,Gadgets
2024-12-21,Wireless Earbuds 6,156146,81,Electronics
2024-10-26,Electric Scooter 10,101153,195,Automobile
2024-01-24,Alloy Wheels 39,169318,12,Automobile
2024-11-05,Smartwatch 10,114424,198,Electronics
2024-08-30,Smartphone 26,115302,38,Electronics
2024-11-17,Wooden Dining Table 15,19741,59,Furniture
2024-07-20,Sports Sneakers 32,147058,14,Clothing
2024-11-25,Lego Creator 35,24281,142,Toys
2024-12-29,Tablet 26,113898,151,Electronics
2024-04-15,Smart Home Assistant 6,86787,199,Gadgets
2024-10-05,Smart Refrigerator 8,16265,58,Home Appliances
2024-09-01,Leather Handbag 43,133114,185,Clothing
2024-12-07,Luxury Handbag 29,69192,73,Luxury
2024-01-10,Mechanical Keyboard 25,75362,191,Gadgets
2024-01-05,Tablet 7,67213,115,Electronics
2024-12-08,Sports Sneakers 25,172352,108,Clothing
2024-12-12,Diamond Earrings 15,51791,136,Luxury
2024-03-28,Action Camera 37,57016,61,Gadgets
2024-08-26,Yoga Mat 3,88954,135,Sports
2024-03-20,Electric Scooter 23,152986,177,Automobile
2024-09-13,GPS Navigator 37,150937,181,Automobile
2024-10-14,Leather Handbag 46,94076,184,Clothing
2024-09-06,Mountain Bike 19,40796,55,Sports
2024-04-02,VR Headset 19,64868,76,Gadgets
2024-12-06,Tablet 34,63646,45,Electronics
2024-08-23,Dollhouse 39,66783,61,Toys
2024-01-11,Wooden Dining Table 45,12917,187,Furniture
2024-06-30,Mechanical Keyboard 44,167510,38,Gadgets
2024-03-05,Alloy Wheels 11,76805,75,Automobile
2024-11-18,Puzzle Game 18,171443,169,Toys
2024-09-11,Smart Home Assistant 32,99589,145,Gadgets
2024-10-31,Whiskey Set 4,91084,28,Luxury
2024-09-10,Luxury Handbag 21,92074,183,Luxury
2024-04-10,Alloy Wheels 23,60337,149,Automobile
2024-01-29,Smart Home Assistant 23,126723,137,Gadgets
2024-06-02,Yoga Mat 5,146550,152,Sports
2024-10-15,Ergonomic Office Chair 21,100153,85,Furniture
2024-05-12,Smartphone 6,41204,13,Electronics
2024-10-26,Dollhouse 31,135872,34,Toys
2024-08-22,Lego Creator 22,23953,51,Toys
2024-01-31,Office Desk 31,81420,124,Furniture
2024-11-13,Sports Sneakers 18,17755,93,Clothing
2024-03-26,Smart Home Assistant 50,194205,180,Gadgets
2024-03-01,Automatic Coffee Machine 36,15232,134,Home Appliances
2024-10-21,Smartwatch 31,133947,27,Electronics
2024-06-13,Tablet 41,103431,125,Electronics
2024-12-29,Ergonomic Office Chair 12,155598,149,Furniture
2024-07-20,Bookshelf 14,29403,121,Furniture
2024-07-21,Remote Control Car 45,131283,177,Toys
2024-03-30,Office Desk 39,50566,21,Furniture
2024-08-22,Dollhouse 23,61687,188,Toys
2024-03-08,Casual Shirt 40,162317,86,Clothing
2024-10-08,Gaming Console 8,167578,197,Electronics
2024-01-22,Dollhouse 5,155795,72,Toys
2024-03-06,Running Shoes 28,23619,10,Sports
2024-10-17,Running Shoes 33,102326,12,Sports
2024-03-06,Modern Sofa 44,98974,104,Furniture
2024-02-20,Leather Handbag 15,198229,155,Clothing
2024-08-18,Children's Toy Set 47,192793,186,Toys
2024-09-15,Luxury Handbag 36,156854,123,Luxury
2024-04-20,Action Camera 41,43609,37,Gadgets
2024-03-24,Lego Creator 30,20999,103,Toys
2024-03-30,Remote Control Car 1,28415,53,Toys
2024-08-26,VR Headset 40,180814,192,Gadgets
2024-02-26,Designer Jacket 6,104033,151,Clothing
2024-08-11,Bookshelf 10,166813,104,Furniture
2024-12-28,Smart Home Assistant 11,5797,168,Gadgets
2024-04-23,Smartwatch 42,110711,35,Electronics
2024-10-01,Action Camera 21,121596,170,Gadgets
2024-11-07,Wooden Dining Table 38,60580,175,Furniture
2024-12-04,Gold Watch 30,193615,108,Luxury
2024-11-19,Lego Creator 31,12443,139,Toys
2024-11-03,Luxury Handbag 48,9726,156,Luxury
2024-11-21,Winter Coat 35,76224,12,Clothing
2024-03-01,Tablet 16,172386,53,Electronics
2024-06-26,Kitchen Mixer 43,8565,146,Home Appliances
2024-06-18,Ergonomic Office Chair 10,192078,107,Furniture
2024-12-26,Drone with HD Camera 34,24439,71,Gadgets
2024-08-16,Modern Sofa 9,187613,67,Furniture
2024-07-03,Wooden Dining Table 38,62351,85,Furniture
2024-04-28,Dumbbell Set 29,153483,41,Sports
2024-04-01,Modern Sofa 31,85868,109,Furniture
2024-04-25,Mountain Bike 24,43108,94,Sports
2024-01-07,Wooden Dining Table 42,158792,169,Furniture
2024-07-12,Designer Jacket 47,77821,154,Clothing
2024-04-15,Children's Toy Set 13,83389,188,Toys
2024-05-05,VR Headset 29,46784,16,Gadgets
2024-08-13,Kitchen Mixer 33,73626,154,Home Appliances
2024-10-17,Smart Refrigerator 11,93339,30,Home Appliances
2024-07-10,Alloy Wheels 35,138614,57,Automobile
2024-09-03,Puzzle Game 27,49773,57,Toys
2024-05-25,Tablet 11,127235,63,Electronics
2024-04-28,Microwave Oven 41,62781,96,Home Appliances
2024-02-29,Automatic Coffee Machine 50,119628,182,Home Appliances
2024-11-01,Remote Control Car 6,62919,83,Toys
2024-08-27,Smart Refrigerator 48,160951,22,Home Appliances
2024-11-14,Luxury Handbag 41,11139,196,Luxury
2024-04-23,Wireless Earbuds 3,88778,53,Electronics
2024-08-23,Ergonomic Office Chair 10,74510,52,Furniture
2024-09-01,Bookshelf 29,162683,144,Furniture
2024-04-08,Wooden Dining Table 42,129996,171,Furniture
2024-04-13,Leather Handbag 42,149559,12,Clothing
2024-12-11,Wooden Dining Table 22,77060,69,Furniture
2024-08-28,Tablet 13,28056,182,Electronics
2024-05-27,Luxury Handbag 34,156830,110,Luxury
2024-01-19,Dollhouse 14,116874,179,Toys
2024-03-02,4K TV 16,24636,180,Electronics
2024-03-07,Yoga Mat 34,102471,149,Sports
2024-12-27,Lego Creator 23,105030,77,Toys
2024-11-04,Leather Handbag 45,149384,191,Clothing
2024-09-05,Gold Watch 21,45623,155,Luxury
2024-07-05,Alloy Wheels 10,78631,132,Automobile
2024-04-05,Whiskey Set 42,64592,73,Luxury
2024-08-26,Smart Home Assistant 49,125394,158,Gadgets
2024-07-02,Ergonomic Office Chair 30,184884,117,Furniture
2024-08-31,Diamond Earrings 38,123331,45,Luxury
2024-10-31,Smartwatch 27,104009,11,Electronics
2024-11-26,Gaming Console 3,193324,21,Electronics
2024-05-26,Gaming Console 13,101317,75,Electronics
2024-01-03,Action Camera 28,19197,124,Gadgets
2024-08-20,Puzzle Game 50,123985,112,Toys
2024-01-14,Microwave Oven 7,196587,113,Home Appliances
2024-10-15,Car Dashcam 47,173776,47,Automobile
2024-03-07,Mountain Bike 7,172265,90,Sports
2024-09-28,Yoga Mat 24,64222,98,Sports
2024-05-06,Leather Handbag 22,19787,132,Clothing
2024-01-21,Sports Sneakers 18,99567,14,Clothing
2024-06-08,Designer Jacket 46,65796,157,Clothing
2024-12-29,Alloy Wheels 27,191029,185,Automobile
2024-12-19,Designer Jacket 5,55153,128,Clothing
2024-07-20,Dumbbell Set 9,185754,192,Sports
2024-04-14,Leather Handbag 8,153614,163,Clothing
2024-07-30,Gold Watch 48,91988,171,Luxury
2024-02-05,Luxury Handbag 28,57869,164,Luxury
2024-05-23,Casual Shirt 43,131996,58,Clothing
2024-08-29,VR Headset 35,141142,92,Gadgets
2024-12-13,Laptop 27,93347,172,Electronics
2024-09-20,Wooden Dining Table 4,88036,148,Furniture
2024-05-24,Mechanical Keyboard 9,11768,45,Gadgets
2024-04-16,GPS Navigator 1,128564,39,Automobile
2024-12-22,Smart Refrigerator 17,153853,121,Home Appliances
2024-03-03,Automatic Coffee Machine 38,21882,192,Home Appliances
2024-10-15,Lego Creator 4,111760,69,Toys
2024-08-06,Alloy Wheels 4,59453,54,Automobile
2024-01-07,Children's Toy Set 35,16478,95,Toys
2024-04-01,Dumbbell Set 5,139690,190,Sports
2024-12-28,Dollhouse 43,129865,20,Toys
2024-10-16,Mechanical Keyboard 11,91666,111,Gadgets
2024-09-04,Diamond Earrings 40,197348,68,Luxury
2024-09-06,Ergonomic Office Chair 9,193302,86,Furniture
2024-03-25,Microwave Oven 20,126598,128,Home Appliances
2024-12-31,Leather Handbag 20,7606,21,Clothing
2024-10-12,Smart Home Assistant 48,56099,108,Gadgets
2024-10-14,VR Headset 45,106059,155,Gadgets
2024-09-19,Whiskey Set 29,69911,178,Luxury
2024-09-23,Gold Watch 43,96467,64,Luxury
2024-05-01,Designer Jacket 18,121238,163,Clothing
2024-07-10,Mechanical Keyboard 12,148571,84,Gadgets
2024-06-08,Diamond Earrings 42,22349,115,Luxury
2024-01-12,Treadmill 50,175097,123,Sports
2024-12-26,Smartwatch 23,152483,13,Electronics
2024-05-04,Smartwatch 20,169772,58,Electronics
2024-07-12,Treadmill 10,131105,132,Sports
2024-04-07,Smartphone 15,118181,15,Electronics
2024-02-23,Office Desk 31,107011,192,Furniture
2024-01-12,Lego Creator 5,81047,61,Toys
2024-06-30,Sports Sneakers 18,185846,13,Clothing
2024-10-27,4K TV 28,132618,156,Electronics
2024-09-22,Mountain Bike 43,151656,135,Sports
2024-06-04,Puzzle Game 22,197877,142,Toys
2024-07-01,Luxury Handbag 49,53418,89,Luxury
2024-08-18,Smartwatch 33,119434,186,Electronics
2024-02-24,Smartphone 41,196913,198,Electronics
2024-01-08,Ergonomic Office Chair 6,110846,148,Furniture
2024-07-08,Diamond Earrings 20,25645,105,Luxury
2024-03-09,Tablet 34,102907,14,Electronics
2024-06-06,Alloy Wheels 34,174813,198,Automobile
2024-11-08,Bookshelf 40,69844,146,Furniture
2024-11-02,4K TV 44,40980,152,Electronics
2024-10-08,Premium Perfume 4,129635,157,Luxury
2024-01-22,Kitchen Mixer 4,82202,55,Home Appliances
2024-10-06,Microwave Oven 32,81044,92,Home Appliances
2024-05-03,LED Smart TV 46,187911,199,Home Appliances
2024-02-21,Dollhouse 13,40296,149,Toys
2024-05-01,Drone with HD Camera 7,42409,132,Gadgets
2024-05-03,Microwave Oven 21,159325,73,Home Appliances
2024-01-31,Whiskey Set 27,140170,51,Luxury
2024-01-30,Sports Sneakers 48,180113,13,Clothing
2024-02-06,Automatic Coffee Machine 35,176646,92,Home Appliances
2024-05-22,Mountain Bike 8,136853,142,Sports
2024-12-30,Mountain Bike 23,137373,146,Sports
2024-08-13,4K TV 7,136768,150,Electronics
2024-02-07,Treadmill 38,46707,98,Sports
2024-06-28,Smart Refrigerator 5,135253,180,Home Appliances
2024-11-15,Running Shoes 45,68129,22,Sports
2024-12-09,Wireless Earbuds 42,29089,115,Electronics
2024-11-23,Running Shoes 33,66103,59,Sports
2024-07-30,Electric Scooter 41,155212,160,Automobile
2024-05-11,Drone with HD Camera 1,12146,47,Gadgets
2024-11-12,Office Desk 46,137167,167,Furniture
2024-06-16,Drone with HD Camera 38,90512,107,Gadgets
2024-05-17,Children's Toy Set 32,50429,97,Toys
2024-06-24,Bookshelf 41,96013,200,Furniture
2024-04-22,Smartwatch 16,86023,167,Electronics
2024-12-12,Office Desk 37,120379,88,Furniture
2024-09-08,Wireless Earbuds 27,68468,182,Electronics
2024-09-01,GPS Navigator 45,190226,73,Automobile
2024-09-11,GPS Navigator 47,110218,196,Automobile
2024-02-24,Lego Creator 28,161354,89,Toys
2024-07-10,Bookshelf 45,96297,103,Furniture
2024-02-23,Kitchen Mixer 43,91687,137,Home Appliances
2024-07-25,Running Shoes 3,85340,123,Sports
2024-05-28,Diamond Earrings 12,178421,167,Luxury
2024-11-26,Ergonomic Office Chair 22,75573,184,Furniture
2024-01-12,Smart Refrigerator 16,79158,121,Home Appliances
2024-05-25,Diamond Earrings 36,88992,155,Luxury
2024-03-09,Designer Jacket 21,195328,127,Clothing
2024-03-30,Leather Handbag 1,123995,187,Clothing
2024-11-22,Modern Sofa 42,144706,60,Furniture
2024-02-03,Casual Shirt 43,124203,126,Clothing
2024-03-30,Tablet 36,146953,114,Electronics
2024-02-26,Tablet 16,172105,109,Electronics
2024-12-30,Mountain Bike 44,11179,28,Sports
2024-01-12,Bookshelf 18,177860,132,Furniture
2024-06-28,Casual Shirt 24,69508,169,Clothing
2024-11-12,Designer Jacket 44,46444,132,Clothing
2024-05-09,Office Desk 17,152469,25,Furniture
2024-02-26,Action Camera 29,44225,122,Gadgets
2024-01-04,Whiskey Set 41,126248,87,Luxury
2024-11-02,Tablet 29,145364,138,Electronics
2024-09-02,Winter Coat 47,92700,115,Clothing
2024-09-17,Children's Toy Set 4,162699,113,Toys
2024-07-28,Action Camera 29,199566,42,Gadgets
2024-02-14,Electric Scooter 45,167379,178,Automobile
2024-03-29,Wooden Dining Table 24,106994,82,Furniture
2024-12-27,Mountain Bike 17,54370,186,Sports
2024-11-26,Winter Coat 44,80791,162,Clothing
2024-09-12,Remote Control Car 49,8897,117,Toys
2024-04-21,Puzzle Game 10,162770,187,Toys
2024-06-28,Modern Sofa 36,187442,150,Furniture
2024-06-13,Kitchen Mixer 41,104492,185,Home Appliances
2024-09-10,LED Smart TV 17,189716,119,Home Appliances
2024-06-17,Smartwatch 27,165524,106,Electronics
2024-07-26,Mountain Bike 42,114535,110,Sports
2024-06-13,Ergonomic Office Chair 2,177757,191,Furniture
2024-02-05,Motorcycle Helmet 34,84188,182,Automobile
2024-05-20,Alloy Wheels 27,40202,83,Automobile
2024-06-08,Remote Control Car 20,82668,142,Toys
2024-07-22,Automatic Coffee Machine 8,176510,108,Home Appliances
2024-08-08,Dollhouse 25,30428,111,Toys
2024-04-02,Children's Toy Set 32,102395,178,Toys
2024-01-29,Leather Handbag 37,21493,107,Clothing
2024-02-01,Luxury Handbag 29,110699,23,Luxury
2024-11-24,Motorcycle Helmet 33,8512,116,Automobile
2024-06-19,Smartphone 43,89315,90,Electronics
2024-10-07,Motorcycle Helmet 15,180979,168,Automobile
2024-08-12,Gaming Console 36,59741,73,Electronics
2024-04-01,Smartwatch 15,70113,63,Electronics
2024-07-02,Wireless Earbuds 49,194891,148,Electronics
2024-11-04,Dumbbell Set 32,170160,156,Sports
2024-08-22,Children's Toy Set 10,50052,180,Toys
2024-08-14,Dumbbell Set 42,135478,35,Sports
2024-10-09,Luxury Handbag 46,13663,179,Luxury
2024-09-29,Action Camera 31,8692,195,Gadgets
2024-06-30,Smartwatch 36,142614,71,Electronics
2024-08-12,Office Desk 31,45599,109,Furniture
2024-06-11,Motorcycle Helmet 48,22395,88,Automobile
2024-07-19,Microwave Oven 21,76047,12,Home Appliances
2024-01-03,Laptop 12,160716,82,Electronics
2024-05-15,Mountain Bike 16,24863,70,Sports
2024-07-26,Office Desk 24,31592,79,Furniture
